scenario,repeat,order_pos,algorithm,total_requests,forwarded,rejected,reject_percent,effective_rps,loadgen_total,loadgen_errors,error_percent,avg_proxy_latency_ms,p95_proxy_latency_ms,p99_proxy_latency_ms,algo_counter_delta,foreign_algo_delta
constant_high,1,1,fixed,1669.000000,1385.000000,284.000000,17.02,139.083,1636.000000,0.000000,0.00,5.459,15.533,136.529,1669.000000,0.000000
constant_high,1,2,sliding,1631.000000,1261.000000,370.000000,22.69,135.917,1596.000000,0.000000,0.00,1.526,3.023,8.979,1631.000000,0.000000
constant_high,1,3,token,1592.000000,1398.000000,194.000000,12.19,132.667,1562.000000,0.000000,0.00,1.368,2.678,3.322,1592.000000,0.000000
constant_high,2,1,token,1601.000000,1295.000000,306.000000,19.11,133.417,1572.000000,0.000000,0.00,1.194,2.630,3.245,1601.000000,0.000000
constant_high,2,2,sliding,1572.000000,1044.000000,528.000000,33.59,131.000,1544.000000,0.000000,0.00,1.051,2.301,2.813,1572.000000,0.000000
constant_high,2,3,fixed,1571.000000,1571.000000,0.000000,0.00,130.917,1543.000000,0.000000,0.00,1.379,2.436,3.310,1571.000000,0.000000
constant_high,3,1,fixed,1631.000000,1079.000000,552.000000,33.84,135.917,1602.000000,0.000000,0.00,1.201,2.393,3.136,1631.000000,0.000000
constant_high,3,2,sliding,1573.000000,1000.000000,573.000000,36.43,131.083,1542.000000,0.000000,0.00,1.168,2.305,2.884,1573.000000,0.000000
constant_high,3,3,token,1629.000000,1399.000000,230.000000,14.12,135.750,1598.000000,0.000000,0.00,1.380,2.389,3.108,1629.000000,0.000000
constant_high,4,1,token,1727.000000,1293.000000,434.000000,25.13,143.917,1697.000000,0.000000,0.00,1.308,2.326,2.728,1727.000000,0.000000
constant_high,4,2,sliding,1736.000000,1005.000000,731.000000,42.11,144.667,1703.000000,0.000000,0.00,1.037,2.058,2.588,1736.000000,0.000000
constant_high,4,3,fixed,1753.000000,1710.000000,43.000000,2.45,146.083,1720.000000,0.000000,0.00,2.680,2.310,65.627,1753.000000,0.000000
constant_high,5,1,token,1750.000000,1399.000000,351.000000,20.06,145.833,1718.000000,0.000000,0.00,1.255,2.239,3.023,1750.000000,0.000000
constant_high,5,2,fixed,1732.000000,1293.000000,439.000000,25.35,144.333,1700.000000,0.000000,0.00,1.164,2.106,2.913,1732.000000,0.000000
constant_high,5,3,sliding,1724.000000,1000.000000,724.000000,42.00,143.667,1693.000000,0.000000,0.00,1.135,2.082,2.763,1724.000000,0.000000
constant_high,6,1,sliding,1703.000000,0.000000,1703.000000,100.00,141.917,1671.000000,0.000000,0.00,0.587,0.982,1.502,1703.000000,0.000000
constant_high,6,2,token,1751.000000,1398.000000,353.000000,20.16,145.917,1720.000000,0.000000,0.00,1.363,2.273,2.712,1751.000000,0.000000
constant_high,6,3,fixed,1751.000000,1337.000000,414.000000,23.64,145.917,1705.000000,0.000000,0.00,1.329,2.040,3.406,1751.000000,0.000000
constant_high,7,1,sliding,1736.000000,1070.000000,666.000000,38.36,144.667,1703.000000,0.000000,0.00,1.088,2.073,2.698,1736.000000,0.000000
constant_high,7,2,fixed,1743.000000,1561.000000,182.000000,10.44,145.250,1710.000000,0.000000,0.00,1.361,2.221,3.470,1743.000000,0.000000
constant_high,7,3,token,1752.000000,1400.000000,352.000000,20.09,146.000,1720.000000,0.000000,0.00,2.586,2.388,59.391,1752.000000,0.000000
constant_high,8,1,token,1771.000000,1302.000000,469.000000,26.48,147.583,1738.000000,0.000000,0.00,1.281,2.272,2.731,1771.000000,0.000000
constant_high,8,2,sliding,1744.000000,1277.000000,467.000000,26.78,145.333,1710.000000,0.000000,0.00,1.080,2.023,2.781,1744.000000,0.000000
constant_high,8,3,fixed,1737.000000,1301.000000,436.000000,25.10,144.750,1704.000000,0.000000,0.00,1.180,2.054,2.574,1737.000000,0.000000
constant_high,9,1,sliding,1741.000000,1000.000000,741.000000,42.56,145.083,1709.000000,0.000000,0.00,1.092,2.095,2.826,1741.000000,0.000000
constant_high,9,2,fixed,1759.000000,1759.000000,0.000000,0.00,146.583,1727.000000,0.000000,0.00,1.469,2.087,4.276,1759.000000,0.000000
constant_high,9,3,token,1753.000000,1398.000000,355.000000,20.25,146.083,1721.000000,0.000000,0.00,1.401,2.359,2.970,1753.000000,0.000000
constant_high,10,1,fixed,1739.000000,1286.000000,453.000000,26.05,144.917,1708.000000,0.000000,0.00,1.151,2.062,2.785,1739.000000,0.000000
constant_high,10,2,token,1747.000000,1398.000000,349.000000,19.98,145.583,1714.000000,0.000000,0.00,1.314,2.323,2.770,1747.000000,0.000000
constant_high,10,3,sliding,1723.000000,1287.000000,436.000000,25.30,143.583,1691.000000,0.000000,0.00,1.187,2.119,2.721,1723.000000,0.000000
ddos,1,1,sliding,1922.000000,0.000000,1922.000000,100.00,160.167,1916.000000,0.000000,0.00,0.496,0.966,1.195,1922.000000,0.000000
ddos,1,2,token,1962.000000,1341.000000,621.000000,31.65,163.500,1956.000000,0.000000,0.00,1.047,2.121,2.751,1962.000000,0.000000
ddos,1,3,fixed,1731.000000,1731.000000,0.000000,0.00,144.250,1725.000000,0.000000,0.00,1.293,2.179,4.516,1731.000000,0.000000
ddos,2,1,fixed,1991.000000,1042.000000,949.000000,47.66,165.917,1982.000000,0.000000,0.00,0.881,1.869,2.452,1991.000000,0.000000
ddos,2,2,token,1878.000000,1361.000000,517.000000,27.53,156.500,1872.000000,0.000000,0.00,1.175,2.195,3.159,1878.000000,0.000000
ddos,2,3,sliding,2072.000000,1000.000000,1072.000000,51.74,172.667,2066.000000,0.000000,0.00,0.866,1.877,2.876,2072.000000,0.000000
ddos,3,1,token,1832.000000,1258.000000,574.000000,31.33,152.667,1826.000000,0.000000,0.00,1.753,2.336,42.894,1832.000000,0.000000
ddos,3,2,fixed,1989.000000,1248.000000,741.000000,37.25,165.750,1984.000000,0.000000,0.00,0.970,1.960,2.594,1989.000000,0.000000
ddos,3,3,sliding,1853.000000,1000.000000,853.000000,46.03,154.417,1847.000000,0.000000,0.00,0.851,1.750,2.345,1853.000000,0.000000
ddos,4,1,fixed,1847.000000,1824.000000,23.000000,1.25,153.917,1841.000000,0.000000,0.00,1.305,2.060,2.760,1847.000000,0.000000
ddos,4,2,token,1826.000000,1326.000000,500.000000,27.38,152.167,1821.000000,0.000000,0.00,1.134,2.126,2.634,1826.000000,0.000000
ddos,4,3,sliding,1682.000000,1000.000000,682.000000,40.55,140.167,1676.000000,0.000000,0.00,0.947,1.976,2.738,1682.000000,0.000000
ddos,5,1,token,1754.000000,1348.000000,406.000000,23.15,146.167,1748.000000,0.000000,0.00,1.583,2.286,14.624,1754.000000,0.000000
ddos,5,2,sliding,1957.000000,1205.000000,752.000000,38.43,163.083,1951.000000,0.000000,0.00,0.956,1.910,2.437,1957.000000,0.000000
ddos,5,3,fixed,1655.000000,1201.000000,454.000000,27.43,137.917,1649.000000,0.000000,0.00,1.030,2.036,2.685,1655.000000,0.000000
ddos,6,1,sliding,1662.000000,1182.000000,480.000000,28.88,138.500,1657.000000,0.000000,0.00,1.042,2.031,2.491,1662.000000,0.000000
ddos,6,2,token,1686.000000,1301.000000,385.000000,22.84,140.500,1680.000000,0.000000,0.00,1.167,2.074,2.706,1686.000000,0.000000
ddos,6,3,fixed,1664.000000,1213.000000,451.000000,27.10,138.667,1658.000000,0.000000,0.00,1.738,2.460,30.050,1664.000000,0.000000
ddos,7,1,fixed,1693.000000,1275.000000,418.000000,24.69,141.083,1687.000000,0.000000,0.00,1.004,2.045,2.674,1693.000000,0.000000
ddos,7,2,token,1757.000000,1344.000000,413.000000,23.51,146.417,1751.000000,0.000000,0.00,1.165,2.194,2.767,1757.000000,0.000000
ddos,7,3,sliding,1573.000000,1220.000000,353.000000,22.44,131.083,1568.000000,0.000000,0.00,1.038,2.022,2.590,1573.000000,0.000000
ddos,8,1,fixed,1907.000000,1468.000000,439.000000,23.02,158.917,1901.000000,0.000000,0.00,1.004,1.989,2.635,1907.000000,0.000000
ddos,8,2,token,1857.000000,1336.000000,521.000000,28.06,154.750,1851.000000,0.000000,0.00,1.126,2.094,2.599,1857.000000,0.000000
ddos,8,3,sliding,1712.000000,1223.000000,489.000000,28.56,142.667,1706.000000,0.000000,0.00,1.022,2.035,2.446,1712.000000,0.000000
ddos,9,1,fixed,1708.000000,1290.000000,418.000000,24.47,142.333,1702.000000,0.000000,0.00,1.037,2.041,2.754,1708.000000,0.000000
ddos,9,2,sliding,1531.000000,1092.000000,439.000000,28.67,127.583,1525.000000,0.000000,0.00,1.039,2.038,2.646,1531.000000,0.000000
ddos,9,3,token,1913.000000,1354.000000,559.000000,29.22,159.417,1907.000000,0.000000,0.00,1.028,2.038,2.570,1913.000000,0.000000
ddos,10,1,fixed,1921.000000,1352.000000,569.000000,29.62,160.083,1915.000000,0.000000,0.00,1.337,1.972,4.158,1921.000000,0.000000
ddos,10,2,sliding,1653.000000,1000.000000,653.000000,39.50,137.750,1647.000000,0.000000,0.00,0.907,1.938,2.467,1653.000000,0.000000
ddos,10,3,token,1715.000000,1347.000000,368.000000,21.46,142.917,1709.000000,0.000000,0.00,1.078,2.115,2.685,1715.000000,0.000000
