elapsed_seconds,phase_name,algorithm
0,ddos,sliding
1,ddos,sliding
2,ddos,sliding
3,ddos,sliding
4,ddos,sliding
5,ddos,sliding
6,ddos,sliding
7,ddos,sliding
8,ddos,sliding
9,ddos,token
10,ddos,token
12,ddos,token
13,ddos,token
14,ddos,token
15,ddos,token
16,ddos,token
17,ddos,token
18,ddos,token
19,ddos,token
20,ddos,token
21,ddos,token
22,ddos,token
23,ddos,token
24,ddos,token
25,ddos,token
26,ddos,token
27,ddos,token
28,ddos,token
30,ddos,token
31,ddos,token
32,ddos,token
33,ddos,token
34,ddos,token
35,ddos,token
36,ddos,token
37,ddos,token
38,ddos,token
39,ddos,token
40,ddos,token
41,ddos,token
42,ddos,token
43,ddos,token
44,ddos,token
45,ddos,token
46,ddos,token
48,ddos,token
49,ddos,token
50,ddos,token
51,ddos,token
52,ddos,token
53,ddos,token
54,ddos,token
55,ddos,token
56,ddos,token
57,ddos,token
58,ddos,token
59,ddos,token
60,ddos,token
61,ddos,token
62,ddos,token
63,ddos,token
64,ddos,token
65,ddos,token
66,ddos,token
68,ddos,token
69,ddos,token
70,ddos,token
71,ddos,token
72,ddos,token
73,ddos,token
74,ddos,token
75,ddos,token
76,ddos,token
77,ddos,token
78,ddos,token
79,ddos,token
80,ddos,token
81,ddos,token
82,ddos,token
83,ddos,token
84,ddos,token
85,ddos,token
87,ddos,token
88,ddos,token
89,ddos,token
90,ddos,token
91,ddos,token
92,ddos,token
93,ddos,token
94,ddos,token
95,ddos,token
96,ddos,token
97,ddos,token
98,ddos,token
99,ddos,token
100,ddos,token
101,ddos,token
103,ddos,token
104,ddos,token
105,ddos,token
106,ddos,token
107,ddos,token
108,ddos,token
109,ddos,token
110,ddos,token
111,ddos,token
112,ddos,token
113,ddos,token
114,ddos,token
115,ddos,token
116,ddos,token
117,ddos,token
118,ddos,token
120,ddos,token
121,ddos,token
122,ddos,token
123,ddos,token
124,ddos,token
125,ddos,token
126,ddos,token
127,ddos,token
128,ddos,token
129,ddos,token
130,ddos,token
131,ddos,token
132,ddos,token
133,ddos,token
134,ddos,token
135,ddos,token
136,ddos,token
137,ddos,token
139,ddos,token
140,ddos,token
141,ddos,token
142,ddos,token
143,ddos,token
144,ddos,token
145,ddos,token
146,ddos,token
147,ddos,token
148,ddos,token
149,ddos,token
150,ddos,token
151,ddos,token
152,ddos,token
153,ddos,token
154,ddos,token
156,ddos,token
157,ddos,token
158,ddos,token
159,ddos,token
160,ddos,token
161,ddos,token
162,ddos,token
163,ddos,token
164,ddos,token
165,ddos,token
166,ddos,token
167,ddos,token
168,ddos,token
169,ddos,token
170,ddos,token
171,ddos,token
173,ddos,token
174,ddos,token
175,ddos,token
176,ddos,token
177,ddos,token
178,ddos,token
179,ddos,token
180,ddos,token
181,ddos,token
182,ddos,token
183,ddos,token
184,ddos,token
185,ddos,token
186,ddos,token
187,ddos,token
188,ddos,token
190,ddos,token
191,ddos,token
192,ddos,token
193,ddos,token
194,ddos,token
195,ddos,token
196,ddos,token
197,ddos,token
198,ddos,token
199,ddos,token
200,ddos,token
201,ddos,token
202,ddos,token
203,ddos,token
204,ddos,token
205,ddos,token
206,ddos,token
207,ddos,token
209,ddos,token
210,ddos,token
211,ddos,token
212,ddos,token
213,ddos,token
214,ddos,token
215,ddos,token
216,ddos,token
217,ddos,token
218,ddos,token
219,ddos,token
220,ddos,token
221,ddos,token
222,ddos,token
223,ddos,token
224,ddos,token
225,ddos,token
226,ddos,token
227,ddos,token
228,ddos,token
229,ddos,token
231,ddos,token
232,ddos,token
233,ddos,token
234,ddos,token
235,ddos,token
236,ddos,token
237,ddos,token
238,ddos,token
239,ddos,token
240,ddos,token
241,ddos,token
242,ddos,token
243,ddos,token
244,ddos,token
245,ddos,token
246,ddos,token
248,ddos,token
249,ddos,token
250,ddos,token
251,ddos,token
252,ddos,token
253,ddos,token
254,ddos,token
255,ddos,token
256,ddos,token
257,ddos,token
258,ddos,token
259,ddos,token
260,ddos,token
261,ddos,token
262,ddos,token
264,ddos,token
265,ddos,token
266,ddos,token
267,ddos,token
268,ddos,token
269,ddos,token
270,ddos,token
271,ddos,token
272,ddos,token
273,ddos,token
274,ddos,token
275,ddos,token
276,ddos,token
277,ddos,token
278,ddos,token
279,ddos,token
281,ddos,token
282,ddos,sliding
283,ddos,sliding
284,ddos,sliding
285,ddos,sliding
286,ddos,sliding
287,ddos,sliding
288,ddos,sliding
289,ddos,sliding
290,ddos,sliding
291,ddos,sliding
292,ddos,sliding
293,ddos,sliding
294,ddos,sliding
295,ddos,sliding
296,ddos,sliding
297,ddos,sliding
299,ddos,sliding
300,ddos,sliding
301,ddos,sliding
302,ddos,sliding
303,ddos,sliding
304,ddos,sliding
305,ddos,sliding
306,ddos,sliding
307,ddos,sliding
308,ddos,sliding
309,ddos,sliding
310,ddos,sliding
311,ddos,sliding
312,ddos,sliding
313,ddos,sliding
314,ddos,sliding
315,ddos,sliding
316,ddos,sliding
317,ddos,sliding
318,ddos,sliding
319,ddos,sliding
320,ddos,sliding
322,ddos,sliding
323,ddos,sliding
324,ddos,sliding
325,ddos,sliding
326,ddos,sliding
327,ddos,sliding
328,ddos,sliding
329,ddos,sliding
330,ddos,sliding
331,ddos,sliding
332,ddos,token
333,ddos,token
334,ddos,token
335,ddos,token
336,ddos,token
337,ddos,token
338,ddos,token
339,ddos,token
340,ddos,token
341,ddos,token
343,ddos,token
344,ddos,token
345,ddos,token
346,ddos,token
347,ddos,token
348,ddos,token
349,ddos,token
350,ddos,token
351,ddos,token
352,ddos,token
353,ddos,token
354,ddos,token
355,ddos,token
356,ddos,token
357,ddos,token
358,ddos,token
359,ddos,token
360,ddos,token
361,ddos,token
362,ddos,token
363,ddos,token
365,ddos,token
366,ddos,token
367,ddos,token
368,ddos,token
369,ddos,token
370,ddos,token
371,ddos,token
372,ddos,token
373,ddos,token
374,ddos,token
375,ddos,token
376,ddos,token
377,ddos,token
378,ddos,token
379,ddos,token
380,ddos,token
381,ddos,token
382,ddos,token
383,ddos,token
385,ddos,token
386,ddos,token
387,ddos,token
388,ddos,token
389,ddos,token
390,ddos,token
391,ddos,token
392,ddos,token
393,ddos,token
394,ddos,token
395,ddos,token
396,ddos,token
397,ddos,token
398,ddos,token
399,ddos,token
400,ddos,token
402,ddos,token
403,ddos,token
404,ddos,token
405,ddos,token
406,ddos,token
407,ddos,token
408,ddos,token
409,ddos,token
410,ddos,token
411,ddos,token
412,ddos,token
413,ddos,token
414,ddos,token
415,ddos,token
416,ddos,token
418,ddos,token
419,ddos,token
420,ddos,token
421,ddos,token
422,ddos,token
423,ddos,token
424,ddos,token
425,ddos,token
426,ddos,token
427,ddos,token
428,ddos,token
429,ddos,token
430,ddos,token
431,ddos,token
432,ddos,token
433,ddos,token
434,ddos,token
435,ddos,token
437,ddos,token
438,ddos,token
439,ddos,token
440,ddos,token
441,ddos,token
442,ddos,token
443,ddos,token
444,ddos,token
445,ddos,token
446,ddos,token
447,ddos,token
448,ddos,token
449,ddos,token
450,ddos,token
451,ddos,token
453,ddos,token
454,ddos,token
455,ddos,token
456,ddos,token
457,ddos,token
458,ddos,token
459,ddos,token
460,ddos,token
461,ddos,token
462,ddos,token
463,ddos,token
464,ddos,token
465,ddos,token
466,ddos,token
467,ddos,token
469,ddos,token
470,ddos,token
471,ddos,token
472,ddos,token
473,ddos,token
474,ddos,token
475,ddos,token
476,ddos,token
477,ddos,token
478,ddos,token
479,ddos,token
480,ddos,token
481,ddos,token
482,ddos,token
483,ddos,token
484,ddos,token
486,ddos,token
487,ddos,token
488,ddos,token
489,ddos,token
490,ddos,token
491,ddos,token
492,ddos,token
493,ddos,token
494,ddos,token
495,ddos,token
496,ddos,token
497,ddos,token
498,ddos,token
499,ddos,token
500,ddos,token
501,ddos,token
502,ddos,token
503,ddos,token
504,ddos,token
505,ddos,token
507,ddos,token
508,ddos,token
509,ddos,token
510,ddos,token
511,ddos,token
512,ddos,token
513,ddos,token
514,ddos,token
515,ddos,token
516,ddos,token
517,ddos,token
518,ddos,token
519,ddos,token
520,ddos,token
521,ddos,token
522,ddos,token
524,ddos,token
525,ddos,token
526,ddos,token
527,ddos,token
528,ddos,token
529,ddos,token
530,ddos,token
531,ddos,token
532,ddos,token
533,ddos,token
534,ddos,token
535,ddos,token
536,ddos,token
537,ddos,token
538,ddos,token
539,ddos,token
541,ddos,token
542,ddos,token
543,ddos,token
544,ddos,token
545,ddos,token
546,ddos,token
547,ddos,token
548,ddos,token
549,ddos,token
550,ddos,token
551,ddos,token
552,ddos,token
553,ddos,token
554,ddos,token
555,ddos,token
556,ddos,token
558,ddos,token
559,ddos,token
560,ddos,token
561,ddos,token
562,ddos,token
563,ddos,token
564,ddos,token
565,ddos,token
566,ddos,token
567,ddos,token
568,ddos,token
569,ddos,token
570,ddos,token
571,ddos,token
572,ddos,token
573,ddos,token
574,ddos,token
575,ddos,token
576,ddos,token
577,ddos,token
578,ddos,token
580,ddos,token
581,ddos,token
582,ddos,token
583,ddos,token
584,ddos,token
585,ddos,token
586,ddos,token
587,ddos,token
588,ddos,token
589,ddos,token
590,ddos,token
591,ddos,token
592,ddos,token
593,ddos,token
594,ddos,token
595,ddos,token
596,ddos,token
597,ddos,token
598,ddos,token
599,ddos,token
600,ddos,token
601,ddos,token
603,ddos,token
604,ddos,token
605,ddos,token
606,ddos,token
607,ddos,token
608,ddos,token
609,ddos,token
610,ddos,token
611,ddos,token
612,ddos,token
613,ddos,token
614,ddos,token
615,ddos,token
616,ddos,token
617,ddos,token
618,ddos,token
619,ddos,token
620,ddos,token
621,ddos,token
622,ddos,token
623,ddos,token
624,ddos,token
626,ddos,token
627,ddos,token
628,ddos,token
629,ddos,token
630,ddos,token
631,ddos,token
632,ddos,token
633,ddos,token
634,ddos,token
635,ddos,token
636,ddos,token
637,ddos,token
638,ddos,token
639,ddos,token
640,ddos,token
641,ddos,token
642,ddos,token
643,ddos,token
644,ddos,token
645,ddos,token
646,ddos,token
647,ddos,token
649,ddos,token
650,ddos,token
651,ddos,token
652,ddos,token
653,ddos,token
654,ddos,token
655,ddos,token
656,ddos,token
657,ddos,token
658,ddos,token
659,ddos,token
660,ddos,token
661,ddos,token
662,ddos,token
663,ddos,token
664,ddos,token
665,ddos,token
666,ddos,token
668,ddos,token
669,ddos,token
670,ddos,token
671,ddos,token
672,ddos,token
673,ddos,token
674,ddos,token
675,ddos,token
676,ddos,token
677,ddos,token
678,ddos,token
679,ddos,token
680,ddos,token
681,ddos,token
682,ddos,token
683,ddos,token
684,ddos,token
686,ddos,token
687,ddos,token
688,ddos,token
689,ddos,token
690,ddos,token
691,ddos,token
692,ddos,token
693,ddos,token
694,ddos,token
695,ddos,token
696,ddos,token
697,ddos,token
698,ddos,token
699,ddos,token
700,ddos,token
702,ddos,token
703,ddos,token
704,ddos,token
705,ddos,token
706,ddos,token
707,ddos,token
708,ddos,token
709,ddos,token
710,ddos,token
711,ddos,token
712,ddos,token
713,ddos,token
714,ddos,token
715,ddos,token
716,ddos,token
717,ddos,token
718,ddos,token
720,recovery,token
721,recovery,token
722,recovery,token
723,recovery,token
724,recovery,token
725,recovery,token
726,recovery,token
727,recovery,token
728,recovery,token
729,recovery,token
730,recovery,token
731,recovery,token
732,recovery,token
733,recovery,token
734,recovery,token
735,recovery,token
736,recovery,token
737,recovery,token
738,recovery,token
740,recovery,token
741,recovery,token
742,recovery,token
743,recovery,token
744,recovery,token
745,recovery,token
746,recovery,token
747,recovery,token
748,recovery,token
749,recovery,token
750,recovery,token
751,recovery,token
752,recovery,token
753,recovery,token
754,recovery,token
755,recovery,token
756,recovery,sliding
757,recovery,sliding
758,recovery,sliding
759,recovery,sliding
760,recovery,sliding
762,recovery,sliding
763,recovery,sliding
764,recovery,sliding
765,recovery,sliding
766,recovery,sliding
767,recovery,sliding
768,recovery,sliding
769,recovery,sliding
770,recovery,sliding
771,recovery,sliding
772,recovery,sliding
773,recovery,sliding
774,recovery,sliding
775,recovery,sliding
776,recovery,sliding
777,recovery,sliding
778,recovery,sliding
779,recovery,sliding
780,recovery,sliding
782,recovery,sliding
783,recovery,sliding
784,recovery,sliding
785,recovery,sliding
786,recovery,sliding
787,recovery,sliding
788,recovery,sliding
789,recovery,sliding
790,recovery,sliding
791,recovery,sliding
792,recovery,sliding
793,recovery,sliding
794,recovery,sliding
795,recovery,sliding
796,recovery,sliding
798,recovery,sliding
799,recovery,sliding
800,recovery,sliding
801,recovery,sliding
802,recovery,sliding
803,recovery,sliding
804,recovery,sliding
805,recovery,sliding
806,recovery,sliding
807,recovery,sliding
808,recovery,sliding
809,recovery,sliding
810,recovery,sliding
811,recovery,sliding
812,recovery,sliding
813,recovery,sliding
815,recovery,sliding
816,recovery,sliding
817,recovery,sliding
818,recovery,sliding
819,recovery,sliding
820,recovery,sliding
821,recovery,sliding
822,recovery,sliding
823,recovery,sliding
824,recovery,sliding
825,recovery,sliding
826,recovery,sliding
827,recovery,sliding
828,recovery,sliding
829,recovery,sliding
830,recovery,sliding
831,recovery,sliding
832,recovery,sliding
833,recovery,sliding
835,recovery,sliding
836,recovery,sliding
837,recovery,sliding
838,recovery,sliding
839,recovery,sliding
